pose,timestamp
Unknown Pose,2024-05-19 00:00:01
Unknown Pose,2024-05-19 00:00:01
Unknown Pose,2024-05-19 00:00:02
Unknown Pose,2024-05-19 00:00:02
Unknown Pose,2024-05-19 00:00:02
Unknown Pose,2024-05-19 00:00:03
Unknown Pose,2024-05-19 00:00:03
Unknown Pose,2024-05-19 00:00:03
Unknown Pose,2024-05-19 00:00:03
Unknown Pose,2024-05-19 00:00:03
Unknown Pose,2024-05-19 00:00:04
Unknown Pose,2024-05-19 00:00:04
Unknown Pose,2024-05-19 00:00:04
Unknown Pose,2024-05-19 00:00:05
Unknown Pose,2024-05-19 00:00:05
Unknown Pose,2024-05-19 00:00:06
Unknown Pose,2024-05-19 00:00:06
Unknown Pose,2024-05-19 00:00:06
Unknown Pose,2024-05-19 00:00:06
Unknown Pose,2024-05-19 00:00:06
Unknown Pose,2024-05-19 00:00:08
Unknown Pose,2024-05-19 00:00:08
Unknown Pose,2024-05-19 00:00:09
Unknown Pose,2024-05-19 00:00:10
Unknown Pose,2024-05-19 00:00:10
Unknown Pose,2024-05-19 00:00:10
Unknown Pose,2024-05-19 00:00:10
Unknown Pose,2024-05-19 00:00:14
Unknown Pose,2024-05-19 00:00:15
Unknown Pose,2024-05-19 00:00:15
Unknown Pose,2024-05-19 00:00:15
Unknown Pose,2024-05-19 00:00:15
Unknown Pose,2024-05-19 00:00:16
Unknown Pose,2024-05-19 00:00:16
Unknown Pose,2024-05-19 00:00:16
Unknown Pose,2024-05-19 00:00:16
Unknown Pose,2024-05-19 00:00:16
Unknown Pose,2024-05-19 00:00:17
Unknown Pose,2024-05-19 00:00:17
Unknown Pose,2024-05-19 00:00:17
Unknown Pose,2024-05-19 00:00:17
Unknown Pose,2024-05-19 01:07:40
Unknown Pose,2024-05-19 01:07:40
Unknown Pose,2024-05-19 01:07:41
Unknown Pose,2024-05-19 01:07:41
Unknown Pose,2024-05-19 01:07:41
Unknown Pose,2024-05-19 01:07:41
Unknown Pose,2024-05-19 01:07:42
Unknown Pose,2024-05-19 01:07:42
Unknown Pose,2024-05-19 01:07:42
Unknown Pose,2024-05-19 01:07:42
Unknown Pose,2024-05-19 01:07:42
Unknown Pose,2024-05-19 01:07:42
Unknown Pose,2024-05-19 01:07:43
Unknown Pose,2024-05-19 01:07:43
Unknown Pose,2024-05-19 01:07:43
Unknown Pose,2024-05-19 01:07:43
Unknown Pose,2024-05-19 01:07:43
Unknown Pose,2024-05-19 01:07:44
Unknown Pose,2024-05-19 01:07:44
Unknown Pose,2024-05-19 01:07:44
Unknown Pose,2024-05-19 01:07:45
Unknown Pose,2024-05-19 01:07:45
Unknown Pose,2024-05-19 01:07:45
Unknown Pose,2024-05-19 01:07:45
Unknown Pose,2024-05-19 01:07:45
Unknown Pose,2024-05-19 01:07:46
Unknown Pose,2024-05-19 01:07:46
Unknown Pose,2024-05-19 01:07:46
Unknown Pose,2024-05-19 01:07:46
Unknown Pose,2024-05-19 01:07:46
Unknown Pose,2024-05-19 01:07:46
Unknown Pose,2024-05-19 01:07:47
Unknown Pose,2024-05-19 01:07:47
Unknown Pose,2024-05-19 01:07:49
Unknown Pose,2024-05-19 01:07:49
Unknown Pose,2024-05-19 01:07:52
Unknown Pose,2024-05-19 01:07:53
Unknown Pose,2024-05-19 01:07:53
Unknown Pose,2024-05-19 01:07:53
Unknown Pose,2024-05-19 01:07:53
Unknown Pose,2024-05-19 01:07:53
Unknown Pose,2024-05-19 01:07:54
Unknown Pose,2024-05-19 01:07:54
Unknown Pose,2024-05-19 01:07:55
Unknown Pose,2024-05-19 01:07:56
Unknown Pose,2024-05-19 01:07:56
Unknown Pose,2024-05-19 01:07:58
Unknown Pose,2024-05-19 01:07:58
Unknown Pose,2024-05-19 01:07:58
Unknown Pose,2024-05-19 01:07:58
Unknown Pose,2024-05-19 01:07:58
Unknown Pose,2024-05-19 01:07:59
Unknown Pose,2024-05-19 01:07:59
Unknown Pose,2024-05-19 01:07:59
Unknown Pose,2024-05-19 01:08:00
Unknown Pose,2024-05-19 01:08:00
Unknown Pose,2024-05-19 01:08:02
Unknown Pose,2024-05-19 01:08:02
Unknown Pose,2024-05-19 01:08:02
Unknown Pose,2024-05-19 01:08:02
Unknown Pose,2024-05-19 01:08:02
Unknown Pose,2024-05-19 01:08:03
Unknown Pose,2024-05-19 01:08:03
Unknown Pose,2024-05-19 01:08:03
Unknown Pose,2024-05-19 01:08:03
Unknown Pose,2024-05-19 01:08:03
Unknown Pose,2024-05-19 01:08:04
Unknown Pose,2024-05-19 01:08:04
Unknown Pose,2024-05-19 01:08:04
Unknown Pose,2024-05-19 01:08:04
Unknown Pose,2024-05-19 01:08:04
Unknown Pose,2024-05-19 01:08:05
Unknown Pose,2024-05-19 01:08:05
Unknown Pose,2024-05-19 01:08:05
Unknown Pose,2024-05-19 01:08:05
Unknown Pose,2024-05-19 01:08:06
Unknown Pose,2024-05-19 01:08:06
Unknown Pose,2024-05-19 01:08:06
Unknown Pose,2024-05-19 01:08:06
Unknown Pose,2024-05-19 01:08:07
Unknown Pose,2024-05-19 01:08:08
Unknown Pose,2024-05-19 01:08:08
Unknown Pose,2024-05-19 01:08:09
Unknown Pose,2024-05-19 01:08:10
Unknown Pose,2024-05-19 01:08:10
Unknown Pose,2024-05-19 01:08:11
Unknown Pose,2024-05-19 01:08:11
Unknown Pose,2024-05-19 01:08:11
Unknown Pose,2024-05-19 01:08:12
Unknown Pose,2024-05-19 01:08:13
Unknown Pose,2024-05-19 01:08:13
Unknown Pose,2024-05-19 01:08:14
Unknown Pose,2024-05-19 01:08:14
Unknown Pose,2024-05-19 01:08:15
Unknown Pose,2024-05-19 01:08:15
Unknown Pose,2024-05-19 01:08:15
Unknown Pose,2024-05-19 01:08:15
Unknown Pose,2024-05-19 01:08:15
Unknown Pose,2024-05-19 01:08:16
Unknown Pose,2024-05-19 01:08:17
Unknown Pose,2024-05-19 01:08:18
Unknown Pose,2024-05-19 01:08:21
Unknown Pose,2024-05-19 01:08:21
Unknown Pose,2024-05-19 01:08:21
Unknown Pose,2024-05-19 01:08:21
Unknown Pose,2024-05-19 01:08:22
Unknown Pose,2024-05-19 01:08:22
Unknown Pose,2024-05-19 01:08:22
Unknown Pose,2024-05-19 01:08:22
Unknown Pose,2024-05-19 01:08:22
Unknown Pose,2024-05-19 01:08:22
Unknown Pose,2024-05-19 01:08:23
Unknown Pose,2024-05-19 01:08:23
Unknown Pose,2024-05-19 01:08:23
Unknown Pose,2024-05-19 01:08:25
Unknown Pose,2024-05-19 01:08:25
Unknown Pose,2024-05-19 01:08:25
Unknown Pose,2024-05-19 01:08:25
Unknown Pose,2024-05-19 01:08:25
Unknown Pose,2024-05-19 01:08:25
Unknown Pose,2024-05-19 01:08:26
Unknown Pose,2024-05-19 01:08:26
Unknown Pose,2024-05-19 01:08:26
Unknown Pose,2024-05-19 01:08:26
Unknown Pose,2024-05-19 01:08:38
Unknown Pose,2024-05-19 01:08:39
Unknown Pose,2024-05-19 01:08:39
Unknown Pose,2024-05-19 01:08:39
Unknown Pose,2024-05-19 01:08:39
Unknown Pose,2024-05-19 01:08:39
Unknown Pose,2024-05-19 01:08:40
Unknown Pose,2024-05-19 01:08:40
Unknown Pose,2024-05-19 01:08:40
Unknown Pose,2024-05-19 01:08:40
Unknown Pose,2024-05-19 01:08:40
Unknown Pose,2024-05-19 01:08:41
Unknown Pose,2024-05-19 01:08:41
Unknown Pose,2024-05-19 01:08:41
Unknown Pose,2024-05-19 01:08:41
Unknown Pose,2024-05-19 01:08:41
Unknown Pose,2024-05-19 01:08:42
Unknown Pose,2024-05-19 01:08:42
Unknown Pose,2024-05-19 01:08:42
Unknown Pose,2024-05-19 01:08:42
Unknown Pose,2024-05-19 01:08:42
Unknown Pose,2024-05-19 01:08:42
Unknown Pose,2024-05-19 01:08:45
Unknown Pose,2024-05-19 01:08:46
Unknown Pose,2024-05-19 01:08:47
Unknown Pose,2024-05-19 01:08:47
Unknown Pose,2024-05-19 01:08:47
Unknown Pose,2024-05-19 01:08:51
Unknown Pose,2024-05-19 01:09:01
Unknown Pose,2024-05-19 01:09:01
Unknown Pose,2024-05-19 01:09:01
Unknown Pose,2024-05-19 01:09:01
Unknown Pose,2024-05-19 01:09:02
Unknown Pose,2024-05-19 01:09:14
Unknown Pose,2024-05-19 01:09:14
Unknown Pose,2024-05-19 01:09:14
Unknown Pose,2024-05-19 01:09:15
Unknown Pose,2024-05-19 01:09:15
Unknown Pose,2024-05-19 01:09:15
Unknown Pose,2024-05-19 01:09:16
Unknown Pose,2024-05-19 01:09:16
Unknown Pose,2024-05-19 01:09:17
Unknown Pose,2024-05-19 01:09:17
Unknown Pose,2024-05-19 01:09:17
Unknown Pose,2024-05-19 01:09:17
Unknown Pose,2024-05-19 01:09:18
Unknown Pose,2024-05-19 01:09:18
Unknown Pose,2024-05-19 01:09:18
Unknown Pose,2024-05-19 01:09:18
Unknown Pose,2024-05-19 01:09:18
Unknown Pose,2024-05-19 01:09:19
Unknown Pose,2024-05-19 01:09:19
Unknown Pose,2024-05-19 01:09:19
Unknown Pose,2024-05-19 01:09:19
Unknown Pose,2024-05-19 01:09:20
Unknown Pose,2024-05-19 01:09:20
Unknown Pose,2024-05-19 01:09:21
Unknown Pose,2024-05-19 01:09:21
Unknown Pose,2024-05-19 01:09:22
Unknown Pose,2024-05-19 01:09:22
Unknown Pose,2024-05-19 01:09:22
Unknown Pose,2024-05-19 01:09:22
Unknown Pose,2024-05-19 01:09:23
Unknown Pose,2024-05-19 01:09:24
Unknown Pose,2024-05-19 01:09:24
Unknown Pose,2024-05-19 01:09:24
Unknown Pose,2024-05-19 01:09:24
Unknown Pose,2024-05-19 01:09:25
Unknown Pose,2024-05-19 01:09:25
Unknown Pose,2024-05-19 01:09:25
Unknown Pose,2024-05-19 01:09:25
Unknown Pose,2024-05-19 01:09:25
Unknown Pose,2024-05-19 01:09:27
Unknown Pose,2024-05-19 01:09:27
Unknown Pose,2024-05-19 01:09:27
Unknown Pose,2024-05-19 01:09:29
Unknown Pose,2024-05-19 01:09:30
Unknown Pose,2024-05-19 01:09:30
Unknown Pose,2024-05-19 01:09:30
Unknown Pose,2024-05-19 01:09:32
Unknown Pose,2024-05-19 01:09:38
Unknown Pose,2024-05-19 01:09:38
Unknown Pose,2024-05-19 01:09:39
Unknown Pose,2024-05-19 01:09:39
Unknown Pose,2024-05-19 01:09:41
Unknown Pose,2024-05-19 01:09:41
Unknown Pose,2024-05-19 01:09:41
Unknown Pose,2024-05-19 01:09:41
Unknown Pose,2024-05-19 01:09:42
Unknown Pose,2024-05-19 01:09:43
Unknown Pose,2024-05-19 01:09:48
Unknown Pose,2024-05-19 01:09:48
Unknown Pose,2024-05-19 01:09:50
Unknown Pose,2024-05-19 01:09:52
Unknown Pose,2024-05-19 01:09:55
Unknown Pose,2024-05-19 01:09:56
Unknown Pose,2024-05-19 01:09:57
Unknown Pose,2024-05-19 01:10:00
Unknown Pose,2024-05-19 01:10:00
Unknown Pose,2024-05-19 01:10:03
Unknown Pose,2024-05-19 01:10:03
Unknown Pose,2024-05-19 01:10:03
Unknown Pose,2024-05-19 01:10:03
Unknown Pose,2024-05-19 01:10:09
Unknown Pose,2024-05-19 01:10:09
Unknown Pose,2024-05-19 01:10:13
Unknown Pose,2024-05-19 01:10:15
Unknown Pose,2024-05-19 01:10:16
Unknown Pose,2024-05-19 01:10:16
Unknown Pose,2024-05-19 01:10:19
Unknown Pose,2024-05-19 01:10:20
Unknown Pose,2024-05-19 01:10:20
Unknown Pose,2024-05-19 01:10:20
Unknown Pose,2024-05-19 01:10:20
Unknown Pose,2024-05-19 01:10:20
Unknown Pose,2024-05-19 01:10:20
Unknown Pose,2024-05-19 01:10:21
Unknown Pose,2024-05-19 01:10:21
Unknown Pose,2024-05-19 01:10:22
Unknown Pose,2024-05-19 01:10:22
Unknown Pose,2024-05-19 01:10:22
Unknown Pose,2024-05-19 01:10:22
Unknown Pose,2024-05-19 01:10:23
Unknown Pose,2024-05-19 01:10:23
Unknown Pose,2024-05-19 01:10:23
Unknown Pose,2024-05-19 01:10:23
Unknown Pose,2024-05-19 01:10:23
Unknown Pose,2024-05-19 01:10:24
Unknown Pose,2024-05-19 01:10:24
Unknown Pose,2024-05-19 01:10:24
Unknown Pose,2024-05-19 01:10:24
Unknown Pose,2024-05-19 01:10:25
Unknown Pose,2024-05-19 01:10:25
Unknown Pose,2024-05-19 01:10:25
Unknown Pose,2024-05-19 01:10:25
Unknown Pose,2024-05-19 01:10:25
Unknown Pose,2024-05-19 01:10:26
Unknown Pose,2024-05-19 01:10:26
Unknown Pose,2024-05-19 01:10:26
Unknown Pose,2024-05-19 01:10:26
Unknown Pose,2024-05-19 01:10:26
Unknown Pose,2024-05-19 01:10:27
Unknown Pose,2024-05-19 01:10:27
Unknown Pose,2024-05-19 01:10:27
Unknown Pose,2024-05-19 01:10:27
Unknown Pose,2024-05-19 01:10:27
Unknown Pose,2024-05-19 01:10:27
Unknown Pose,2024-05-19 01:10:28
Unknown Pose,2024-05-19 01:10:28
Unknown Pose,2024-05-19 01:10:28
Unknown Pose,2024-05-19 01:10:29
Unknown Pose,2024-05-19 01:10:29
Unknown Pose,2024-05-19 01:10:29
Unknown Pose,2024-05-19 01:10:29
Unknown Pose,2024-05-19 01:10:30
Unknown Pose,2024-05-19 01:10:31
Unknown Pose,2024-05-19 01:10:31
Unknown Pose,2024-05-19 01:10:31
Unknown Pose,2024-05-19 01:10:32
Unknown Pose,2024-05-19 01:10:32
Unknown Pose,2024-05-19 01:10:32
Unknown Pose,2024-05-19 01:10:32
Unknown Pose,2024-05-19 01:10:32
Unknown Pose,2024-05-19 01:10:32
Unknown Pose,2024-05-19 01:10:33
Unknown Pose,2024-05-19 01:10:33
Unknown Pose,2024-05-19 01:10:33
Unknown Pose,2024-05-19 01:10:33
Unknown Pose,2024-05-19 01:10:33
Unknown Pose,2024-05-19 01:10:34
Unknown Pose,2024-05-19 01:10:34
Unknown Pose,2024-05-19 01:10:34
Unknown Pose,2024-05-19 01:10:35
Unknown Pose,2024-05-19 01:10:35
Unknown Pose,2024-05-19 01:10:35
Unknown Pose,2024-05-19 01:10:36
Unknown Pose,2024-05-19 01:10:36
Unknown Pose,2024-05-19 01:10:36
Unknown Pose,2024-05-19 01:10:37
Unknown Pose,2024-05-19 01:10:37
Unknown Pose,2024-05-19 01:10:38
Unknown Pose,2024-05-19 01:10:38
Unknown Pose,2024-05-19 01:10:38
Unknown Pose,2024-05-19 01:10:38
Unknown Pose,2024-05-19 01:10:38
Unknown Pose,2024-05-19 01:10:39
Unknown Pose,2024-05-19 01:10:39
Unknown Pose,2024-05-19 01:10:39
Unknown Pose,2024-05-19 01:10:39
Unknown Pose,2024-05-19 01:10:39
Unknown Pose,2024-05-19 01:10:40
Unknown Pose,2024-05-19 01:10:40
Unknown Pose,2024-05-19 01:10:40
Unknown Pose,2024-05-19 01:10:40
Unknown Pose,2024-05-19 01:10:40
Unknown Pose,2024-05-19 01:10:42
Unknown Pose,2024-05-19 01:10:42
Unknown Pose,2024-05-19 01:10:42
Unknown Pose,2024-05-19 01:10:42
Unknown Pose,2024-05-19 01:10:43
Unknown Pose,2024-05-19 01:10:43
Unknown Pose,2024-05-19 01:10:43
Unknown Pose,2024-05-19 01:10:44
Unknown Pose,2024-05-19 01:10:45
Unknown Pose,2024-05-19 01:10:45
Unknown Pose,2024-05-19 01:10:45
Unknown Pose,2024-05-19 01:10:45
Unknown Pose,2024-05-19 01:10:45
Unknown Pose,2024-05-19 01:10:45
Unknown Pose,2024-05-19 01:10:46
Unknown Pose,2024-05-19 01:10:46
Unknown Pose,2024-05-19 01:10:46
Unknown Pose,2024-05-19 01:10:46
Unknown Pose,2024-05-19 01:10:47
Unknown Pose,2024-05-19 01:10:47
Unknown Pose,2024-05-19 01:10:47
Unknown Pose,2024-05-19 01:10:51
Unknown Pose,2024-05-19 01:10:51
Unknown Pose,2024-05-19 01:10:51
Unknown Pose,2024-05-19 01:10:51
Unknown Pose,2024-05-19 01:10:52
Unknown Pose,2024-05-19 01:10:52
Unknown Pose,2024-05-19 01:10:52
Unknown Pose,2024-05-19 01:10:52
Unknown Pose,2024-05-19 01:10:52
Unknown Pose,2024-05-19 01:10:53
Unknown Pose,2024-05-19 01:10:53
Unknown Pose,2024-05-19 01:10:53
Unknown Pose,2024-05-19 01:10:53
Unknown Pose,2024-05-19 01:10:54
Unknown Pose,2024-05-19 01:10:55
Unknown Pose,2024-05-19 01:10:56
Unknown Pose,2024-05-19 01:10:56
Unknown Pose,2024-05-19 01:10:57
Unknown Pose,2024-05-19 01:10:57
Unknown Pose,2024-05-19 01:10:57
Unknown Pose,2024-05-19 01:10:57
Unknown Pose,2024-05-19 01:10:57
Unknown Pose,2024-05-19 01:10:59
Unknown Pose,2024-05-19 01:10:59
Unknown Pose,2024-05-19 01:11:00
Unknown Pose,2024-05-19 01:11:00
Unknown Pose,2024-05-19 01:11:00
Unknown Pose,2024-05-19 01:11:00
Unknown Pose,2024-05-19 01:11:01
Unknown Pose,2024-05-19 01:11:02
Unknown Pose,2024-05-19 01:11:02
Unknown Pose,2024-05-19 01:11:02
Unknown Pose,2024-05-19 01:11:02
Unknown Pose,2024-05-19 01:11:03
Unknown Pose,2024-05-19 01:11:03
Unknown Pose,2024-05-19 01:11:03
Unknown Pose,2024-05-19 01:11:03
Unknown Pose,2024-05-19 01:11:03
Unknown Pose,2024-05-19 01:11:03
Unknown Pose,2024-05-19 01:11:04
Unknown Pose,2024-05-19 01:11:04
Unknown Pose,2024-05-19 01:11:04
Unknown Pose,2024-05-19 01:11:04
Unknown Pose,2024-05-19 01:11:04
Unknown Pose,2024-05-19 01:11:05
Unknown Pose,2024-05-19 01:11:05
Unknown Pose,2024-05-19 01:11:05
Unknown Pose,2024-05-19 01:11:05
Unknown Pose,2024-05-19 01:11:05
Unknown Pose,2024-05-19 01:11:06
Unknown Pose,2024-05-19 01:11:06
Unknown Pose,2024-05-19 01:11:07
Unknown Pose,2024-05-19 01:11:07
Unknown Pose,2024-05-19 01:11:09
Unknown Pose,2024-05-19 01:11:11
Unknown Pose,2024-05-19 01:11:13
Unknown Pose,2024-05-19 01:11:15
Unknown Pose,2024-05-19 01:11:16
Unknown Pose,2024-05-19 01:11:16
Unknown Pose,2024-05-19 01:11:16
Unknown Pose,2024-05-19 01:11:16
Unknown Pose,2024-05-19 01:11:16
Unknown Pose,2024-05-19 01:11:17
Unknown Pose,2024-05-19 01:11:17
Unknown Pose,2024-05-19 01:11:17
Unknown Pose,2024-05-19 01:11:18
Unknown Pose,2024-05-19 01:11:18
Unknown Pose,2024-05-19 01:11:19
Unknown Pose,2024-05-19 01:11:19
Unknown Pose,2024-05-19 01:11:19
Unknown Pose,2024-05-19 01:11:19
Unknown Pose,2024-05-19 01:11:20
Unknown Pose,2024-05-19 01:11:20
Unknown Pose,2024-05-19 01:11:21
Unknown Pose,2024-05-19 01:11:21
Unknown Pose,2024-05-19 01:11:21
Unknown Pose,2024-05-19 01:11:22
Unknown Pose,2024-05-19 01:11:22
Unknown Pose,2024-05-19 01:11:22
Unknown Pose,2024-05-19 01:11:22
Unknown Pose,2024-05-19 01:11:25
Unknown Pose,2024-05-19 01:11:25
Unknown Pose,2024-05-19 01:11:25
Unknown Pose,2024-05-19 01:11:25
Unknown Pose,2024-05-19 01:11:26
Unknown Pose,2024-05-19 01:11:26
Unknown Pose,2024-05-19 01:11:26
Unknown Pose,2024-05-19 01:11:27
Unknown Pose,2024-05-19 01:11:29
Unknown Pose,2024-05-19 01:11:29
Unknown Pose,2024-05-19 01:11:31
Unknown Pose,2024-05-19 01:11:31
Unknown Pose,2024-05-19 01:11:31
Unknown Pose,2024-05-19 01:11:31
Unknown Pose,2024-05-19 01:11:32
Unknown Pose,2024-05-19 01:11:32
Unknown Pose,2024-05-19 01:11:32
Unknown Pose,2024-05-19 01:11:33
Unknown Pose,2024-05-19 01:11:33
Unknown Pose,2024-05-19 01:11:33
Unknown Pose,2024-05-19 01:11:33
Unknown Pose,2024-05-19 01:11:33
Unknown Pose,2024-05-19 01:11:33
Unknown Pose,2024-05-19 01:11:34
Unknown Pose,2024-05-19 01:11:34
Unknown Pose,2024-05-19 01:11:34
Unknown Pose,2024-05-19 01:11:34
Unknown Pose,2024-05-19 01:11:34
Unknown Pose,2024-05-19 01:11:35
Unknown Pose,2024-05-19 01:11:35
Unknown Pose,2024-05-19 01:11:35
Unknown Pose,2024-05-19 01:11:35
Unknown Pose,2024-05-19 01:11:35
Unknown Pose,2024-05-19 01:11:36
Unknown Pose,2024-05-19 01:11:36
Unknown Pose,2024-05-19 01:11:36
Unknown Pose,2024-05-19 01:11:36
Unknown Pose,2024-05-19 01:11:36
Unknown Pose,2024-05-19 01:11:36
Unknown Pose,2024-05-19 01:11:37
Unknown Pose,2024-05-19 01:11:37
Unknown Pose,2024-05-19 01:11:38
Unknown Pose,2024-05-19 01:11:38
Unknown Pose,2024-05-19 01:11:39
Unknown Pose,2024-05-19 01:11:39
Unknown Pose,2024-05-19 01:11:39
Unknown Pose,2024-05-19 01:11:39
Unknown Pose,2024-05-19 01:11:40
Unknown Pose,2024-05-19 01:11:40
Unknown Pose,2024-05-19 01:11:40
Unknown Pose,2024-05-19 01:11:40
Unknown Pose,2024-05-19 01:11:41
Unknown Pose,2024-05-19 01:11:41
Unknown Pose,2024-05-19 01:11:41
Unknown Pose,2024-05-19 01:11:41
Unknown Pose,2024-05-19 01:11:42
Unknown Pose,2024-05-19 01:11:42
Unknown Pose,2024-05-19 01:11:43
Unknown Pose,2024-05-19 01:11:43
Unknown Pose,2024-05-19 01:11:44
Unknown Pose,2024-05-19 01:11:46
Unknown Pose,2024-05-19 01:11:47
Unknown Pose,2024-05-19 01:11:47
Unknown Pose,2024-05-19 01:11:48
Unknown Pose,2024-05-19 01:11:48
Unknown Pose,2024-05-19 01:11:49
Unknown Pose,2024-05-19 01:11:50
Unknown Pose,2024-05-19 01:11:50
Unknown Pose,2024-05-19 01:11:55
Unknown Pose,2024-05-19 01:11:55
Unknown Pose,2024-05-19 01:11:55
Unknown Pose,2024-05-19 01:13:05
Unknown Pose,2024-05-19 01:13:05
Unknown Pose,2024-05-19 01:13:05
Unknown Pose,2024-05-19 01:13:05
Unknown Pose,2024-05-19 01:13:05
Unknown Pose,2024-05-19 01:13:06
Unknown Pose,2024-05-19 01:13:06
Unknown Pose,2024-05-19 01:13:07
Unknown Pose,2024-05-19 01:13:07
Unknown Pose,2024-05-19 01:13:07
Unknown Pose,2024-05-19 01:13:23
Unknown Pose,2024-05-19 01:13:23
Unknown Pose,2024-05-19 01:13:23
Unknown Pose,2024-05-19 01:13:23
Unknown Pose,2024-05-19 01:13:24
Unknown Pose,2024-05-19 01:13:28
Warrior II Pose,2024-05-19 01:13:29
Warrior II Pose,2024-05-19 01:13:29
Warrior II Pose,2024-05-19 01:13:29
Warrior II Pose,2024-05-19 01:13:29
Warrior II Pose,2024-05-19 01:13:29
Warrior II Pose,2024-05-19 01:13:29
Warrior II Pose,2024-05-19 01:13:30
Warrior II Pose,2024-05-19 01:13:30
Warrior II Pose,2024-05-19 01:13:30
Warrior II Pose,2024-05-19 01:13:30
Warrior II Pose,2024-05-19 01:13:30
Warrior II Pose,2024-05-19 01:13:31
Warrior II Pose,2024-05-19 01:13:35
Warrior II Pose,2024-05-19 01:13:35
Warrior II Pose,2024-05-19 01:13:48
Warrior II Pose,2024-05-19 01:13:48
Warrior II Pose,2024-05-19 01:13:48
Warrior II Pose,2024-05-19 01:13:48
Warrior II Pose,2024-05-19 01:13:49
Warrior II Pose,2024-05-19 01:13:49
Warrior II Pose,2024-05-19 01:13:49
Warrior II Pose,2024-05-19 01:13:49
Warrior II Pose,2024-05-19 01:13:49
Warrior II Pose,2024-05-19 01:13:49
Warrior II Pose,2024-05-19 01:13:50
Warrior II Pose,2024-05-19 01:13:50
Warrior II Pose,2024-05-19 01:13:50
Warrior II Pose,2024-05-19 01:13:50
Warrior II Pose,2024-05-19 01:13:50
Unknown Pose,2024-05-19 01:13:50
Unknown Pose,2024-05-19 01:13:51
Unknown Pose,2024-05-19 01:13:51
Unknown Pose,2024-05-19 01:13:51
Unknown Pose,2024-05-19 01:13:51
Unknown Pose,2024-05-19 01:13:51
